{
  "pooled_mae": 13.5334993404604,
  "pooled_rmse": 28.32310982777398,
  "pooled_r": 0.8747850079313164,
  "pooled_rho": 0.8895828957545578,
  "pooled_r2": 0.7621882776562215,
  "mean_fold_mae": 13.532822083263863,
  "std_fold_mae": 2.8335542491709913,
  "best_fold_mae": 8.375919342041016,
  "worst_fold_mae": 18.870831001095656,
  "target": "ex_max",
  "n_samples": 814,
  "fprex_best_fold_mae": 11.23,
  "fprex_naive_mae": 14.55,
  "beats_fprex_best_fold": true,
  "beats_fprex_pooled": false,
  "xgb_params": {
    "n_estimators": 1186,
    "max_depth": 7,
    "learning_rate": 0.046157993746907176,
    "subsample": 0.9832010879877002,
    "colsample_bytree": 0.7779970931994913,
    "reg_alpha": 2.4304370785414475,
    "reg_lambda": 0.810215662600008,
    "min_child_weight": 1,
    "random_state": 42,
    "n_jobs": -1,
    "tree_method": "hist"
  }
}