{
  "pooled_mae": 17994.03795191625,
  "pooled_rmse": 27218.7472764943,
  "pooled_r": 0.6997820052626208,
  "pooled_rho": 0.7444847505578388,
  "pooled_r2": 0.47197018021219617,
  "mean_fold_mae": 18005.085707761267,
  "std_fold_mae": 2966.2572255836353,
  "best_fold_mae": 11570.467369342672,
  "worst_fold_mae": 25113.800641741072,
  "target": "ext_coeff",
  "n_samples": 572,
  "fprex_best_fold_mae": null,
  "fprex_naive_mae": null,
  "beats_fprex_best_fold": null,
  "beats_fprex_pooled": null,
  "xgb_params": {
    "n_estimators": 1010,
    "max_depth": 7,
    "learning_rate": 0.023424409815223306,
    "subsample": 0.8247254841641668,
    "colsample_bytree": 0.7232156766944524,
    "reg_alpha": 0.034775315785071696,
    "reg_lambda": 0.10037974000408968,
    "min_child_weight": 1,
    "random_state": 42,
    "n_jobs": -1,
    "tree_method": "hist"
  }
}