{
  "pooled_mae": 0.7221217328069023,
  "pooled_rmse": 1.068172741679317,
  "pooled_r": 0.49511506196099403,
  "pooled_rho": 0.5436156299738566,
  "pooled_r2": 0.2170340927006299,
  "mean_fold_mae": 0.7222182057461544,
  "std_fold_mae": 0.16707357781492413,
  "best_fold_mae": 0.43570339096917043,
  "worst_fold_mae": 1.048568736182319,
  "target": "pka",
  "n_samples": 371,
  "fprex_best_fold_mae": null,
  "fprex_naive_mae": null,
  "beats_fprex_best_fold": null,
  "beats_fprex_pooled": null,
  "xgb_params": {
    "n_estimators": 710,
    "max_depth": 8,
    "learning_rate": 0.013055282371655891,
    "subsample": 0.9029532855836314,
    "colsample_bytree": 0.588913516211966,
    "reg_alpha": 2.9876412226982776,
    "reg_lambda": 0.45499830010204534,
    "min_child_weight": 2,
    "random_state": 42,
    "n_jobs": -1,
    "tree_method": "hist"
  }
}