{
  "pooled_mae": 0.11092013985978445,
  "pooled_rmse": 0.16760392923419923,
  "pooled_r": 0.7743015134963709,
  "pooled_rho": 0.7634610000618374,
  "pooled_r2": 0.5918682062897745,
  "mean_fold_mae": 0.11096248184827909,
  "std_fold_mae": 0.02188415979736276,
  "best_fold_mae": 0.060899920168332754,
  "worst_fold_mae": 0.15143569409948204,
  "target": "qy",
  "n_samples": 637,
  "fprex_best_fold_mae": null,
  "fprex_naive_mae": null,
  "beats_fprex_best_fold": null,
  "beats_fprex_pooled": null,
  "xgb_params": {
    "n_estimators": 415,
    "max_depth": 7,
    "learning_rate": 0.06726445530074483,
    "subsample": 0.9755640506748717,
    "colsample_bytree": 0.6885239227246592,
    "reg_alpha": 0.0638313455577183,
    "reg_lambda": 0.04507742362571578,
    "min_child_weight": 2,
    "random_state": 42,
    "n_jobs": -1,
    "tree_method": "hist"
  }
}