pooled_mae,pooled_rmse,pooled_r,pooled_rho,pooled_r2,mean_fold_mae,std_fold_mae,best_fold_mae,worst_fold_mae,target,n_samples,fprex_best_fold_mae,fprex_naive_mae,beats_fprex_best_fold,beats_fprex_pooled
13.5334993404604,28.32310982777398,0.8747850079313164,0.8895828957545578,0.7621882776562215,13.532822083263863,2.8335542491709913,8.375919342041016,18.870831001095656,ex_max,814,11.23,14.55,True,False
9.059420599168346,20.053659614033016,0.9263445378393074,0.8931716032765693,0.8580041714853419,9.067740655814106,3.0520333294838085,4.038648103412829,17.646420127467106,em_max,775,7.72,9.19,True,False
0.11092013985978445,0.16760392923419923,0.7743015134963709,0.7634610000618374,0.5918682062897745,0.11096248184827909,0.02188415979736276,0.060899920168332754,0.15143569409948204,qy,637,,,,
17994.03795191625,27218.7472764943,0.6997820052626208,0.7444847505578388,0.47197018021219617,18005.085707761267,2966.2572255836353,11570.467369342672,25113.800641741072,ext_coeff,572,,,,
0.7221217328069023,1.068172741679317,0.49511506196099403,0.5436156299738566,0.2170340927006299,0.7222182057461544,0.16707357781492413,0.43570339096917043,1.048568736182319,pka,371,,,,
