pooled_mae,pooled_rmse,pooled_r,pooled_r2,mean_fold_mae,std_fold_mae,best_fold_mae,worst_fold_mae,target,n_samples,fprex_best_fold_mae,fprex_naive_mae,beats_fprex_best_fold,beats_fprex_pooled
14.76105618258135,29.023184767128043,0.8985216408019905,0.8071718908312675,14.755635192580758,3.6908616973993738,9.332791350608648,25.790678544477984,ex_max,872,11.23,14.55,True,False
9.380377248555673,20.680822618789527,0.9415074508311954,0.8862941985895009,9.37817250427884,2.7233372407298133,4.475242978050595,14.411918276832218,em_max,833,7.72,9.19,True,False
0.1056169774348794,0.16095379979912566,0.8031442122758674,0.6390603085237648,0.10560541472151241,0.02412887413334065,0.06335626914160593,0.1595323977664113,qy,693,,,,
17837.083493742477,26651.633810005915,0.7207340376091924,0.5125321328434627,17846.518429762316,3695.121539324069,12832.687184979839,29030.19068170363,ext_coeff,623,,,,
0.6957105271970455,1.0289497325805865,0.5421551744083646,0.27556534387359255,0.6961738718555087,0.14905719784166663,0.3602608103752137,0.9533195223808286,pka,402,,,,
