{
  "ex_max": {
    "MAE": 21.971437346437348,
    "RMSE": 34.7151127174146,
    "R": 0.8039911238477111,
    "R2": 0.6427365852692968,
    "N": 814
  },
  "em_max": {
    "MAE": 14.891612903225807,
    "RMSE": 24.188720378481932,
    "R": 0.8907617853592846,
    "R2": 0.7934077164207463,
    "N": 775
  },
  "qy": {
    "MAE": 0.14184108307986656,
    "RMSE": 0.19310617488626738,
    "R": 0.6856936649654866,
    "R2": 0.4582182660582069,
    "N": 637
  },
  "ext_coeff": {
    "MAE": 22925.333333333332,
    "RMSE": 29016.09809130863,
    "R": -0.08830119116734304,
    "R2": -0.24227320612948033,
    "N": 9
  },
  "pka": {
    "MAE": 0.6869179582210243,
    "RMSE": 1.0339552580461182,
    "R": 0.5332641392247908,
    "R2": 0.26639317706991805,
    "N": 371
  }
}