{
  "pooled_mae": 9.380377248555673,
  "pooled_rmse": 20.680822618789527,
  "pooled_r": 0.9415074508311954,
  "pooled_r2": 0.8862941985895009,
  "mean_fold_mae": 9.37817250427884,
  "std_fold_mae": 2.7233372407298133,
  "best_fold_mae": 4.475242978050595,
  "worst_fold_mae": 14.411918276832218,
  "target": "em_max",
  "n_samples": 833,
  "fprex_best_fold_mae": 7.72,
  "fprex_naive_mae": 9.19,
  "beats_fprex_best_fold": true,
  "beats_fprex_pooled": false,
  "xgb_params": {
    "n_estimators": 1193,
    "max_depth": 8,
    "learning_rate": 0.011191749854107593,
    "subsample": 0.8951472152725929,
    "colsample_bytree": 0.46255444775054605,
    "reg_alpha": 0.013506506521885541,
    "reg_lambda": 0.5744200070875259,
    "min_child_weight": 1,
    "random_state": 42,
    "n_jobs": -1,
    "tree_method": "hist"
  }
}